Date,Open,High,Low,Close,Volume
02/02/2018,354.00,355.20,348.70,348.91,"5,486,074"
02/01/2018,352.95,361.45,352.04,356.94,"6,067,581"
01/31/2018,360.50,360.97,351.62,354.37,"11,409,626"
01/30/2018,339.17,339.98,334.16,337.71,"4,983,055"
01/29/2018,341.23,344.48,340.10,340.82,"3,324,878"
01/26/2018,344.33,345.98,341.25,343.22,"5,236,260"
01/25/2018,336.21,343.62,335.30,343.11,"4,747,478"
01/24/2018,336.20,338.99,334.14,334.69,"4,205,351"
01/23/2018,338.34,338.94,334.81,335.59,"4,537,784"
01/22/2018,335.29,341.38,332.04,338.00,"6,792,870"
01/19/2018,341.67,344.00,335.75,337.73,"7,264,401"
01/18/2018,350.70,350.83,339.15,340.16,"9,458,634"
01/17/2018,337.73,352.23,336.41,351.01,"9,699,917"
01/16/2018,339.90,347.73,331.33,335.16,"12,305,475"
01/15/2018,336.21,336.21,336.21,336.21,�
01/12/2018,330.38,336.88,330.38,336.21,"6,559,284"
01/11/2018,322.13,328.40,321.19,328.12,"4,635,344"
01/10/2018,317.49,322.15,315.50,320.26,"4,479,288"
01/09/2018,310.59,319.91,310.49,318.43,"5,641,298"
01/08/2018,308.66,310.86,305.75,310.15,"4,124,862"
01/05/2018,296.77,308.89,296.72,308.84,"6,177,731"
01/04/2018,297.94,298.42,295.47,296.67,"4,171,720"
01/03/2018,295.94,298.50,295.47,297.80,"3,211,195"
01/02/2018,295.75,296.99,295.40,296.84,"2,978,918"
01/01/2018,294.91,294.91,294.91,294.91,�
12/29/2017,296.94,297.30,294.83,294.91,"1,824,591"
12/28/2017,295.81,296.99,294.74,296.35,"1,436,751"
12/27/2017,296.41,296.80,294.80,295.62,"1,447,837"
12/26/2017,295.54,297.44,294.65,295.36,"1,394,737"
12/25/2017,295.10,295.10,295.10,295.10,�
12/22/2017,296.33,296.52,293.01,295.10,"2,257,350"
12/21/2017,298.05,298.39,294.13,295.03,"5,398,275"
12/20/2017,298.70,299.33,297.11,297.90,"2,533,689"
12/19/2017,296.50,297.58,294.18,297.25,"2,728,367"
12/18/2017,296.00,297.14,294.52,296.14,"2,901,644"
12/15/2017,295.87,297.37,293.02,293.94,"6,933,490"
12/14/2017,293.35,296.82,292.60,293.88,"3,913,444"
12/13/2017,290.50,295.85,289.70,291.84,"5,003,328"
12/12/2017,288.16,292.80,287.72,289.94,"5,517,550"
12/11/2017,286.21,286.49,279.90,283.16,"4,065,242"
12/08/2017,285.01,287.32,283.56,285.90,"4,440,528"
12/07/2017,278.49,284.79,277.80,281.97,"4,264,354"
12/06/2017,274.87,279.14,274.00,278.27,"2,538,083"
12/05/2017,279.01,279.44,274.86,275.54,"2,806,075"
12/04/2017,276.16,281.83,276.00,277.97,"5,523,013"
12/01/2017,277.51,278.73,270.60,271.38,"4,592,483"
11/30/2017,269.91,277.04,269.43,276.80,"4,820,313"
11/29/2017,269.48,269.68,266.15,269.30,"3,029,095"
11/28/2017,267.00,268.01,265.23,267.99,"2,262,052"
11/27/2017,265.38,266.84,264.72,265.58,"1,772,196"
11/24/2017,265.26,266.57,264.53,265.88,"788,957"
11/23/2017,265.15,265.15,265.15,265.15,�
11/22/2017,267.00,267.48,264.53,265.15,"1,471,390"
11/21/2017,266.24,267.00,264.71,266.99,"2,267,052"
11/20/2017,263.00,265.62,262.76,264.63,"2,447,398"
11/17/2017,262.82,263.74,262.03,262.26,"1,724,790"
11/16/2017,263.76,265.04,263.34,263.70,"2,710,174"
11/15/2017,261.42,264.77,260.15,262.86,"2,510,533"
11/14/2017,262.00,262.40,260.20,261.76,"2,358,169"
11/13/2017,261.67,263.36,260.49,262.42,"2,604,867"
11/10/2017,262.11,262.50,259.60,260.85,"1,740,621"
11/09/2017,265.01,266.75,259.56,262.70,"3,215,865"
11/08/2017,266.14,267.62,265.29,265.57,"2,841,807"
11/07/2017,264.07,267.28,264.07,266.13,"3,205,378"
11/06/2017,262.62,265.84,262.53,264.07,"2,911,598"
11/03/2017,262.42,263.79,260.08,261.75,"2,610,784"
11/02/2017,258.31,263.24,258.00,262.63,"2,529,912"
11/01/2017,258.29,259.41,256.24,258.50,"2,929,490"
10/31/2017,259.34,259.93,257.47,257.98,"2,742,775"
10/30/2017,255.45,260.41,255.33,259.25,"3,025,919"
10/27/2017,258.26,259.50,255.80,256.46,"2,899,168"
10/26/2017,259.72,261.44,257.31,259.27,"3,419,137"
10/25/2017,264.78,266.00,254.50,258.42,"7,895,318"
10/24/2017,263.24,267.21,263.24,266.00,"4,401,597"
10/23/2017,265.13,265.98,262.14,262.32,"3,302,395"
10/20/2017,260.36,264.83,259.44,264.75,"3,955,922"
10/19/2017,258.98,259.10,256.03,259.04,"2,589,203"
10/18/2017,258.47,260.73,256.66,260.04,"2,051,651"
10/17/2017,256.49,259.05,256.26,258.62,"2,515,865"
10/16/2017,261.50,262.00,259.69,259.75,"1,818,869"
10/13/2017,262.90,263.79,260.74,260.74,"2,243,903"
10/12/2017,260.95,262.98,260.00,261.91,"2,577,900"
10/11/2017,261.32,261.65,259.02,261.44,"2,890,344"
10/10/2017,259.74,261.06,257.20,260.93,"2,740,651"
10/09/2017,259.00,259.00,257.11,258.39,"2,146,782"
10/06/2017,258.00,258.90,257.06,258.58,"2,735,772"
10/05/2017,255.28,258.99,254.78,258.89,"3,940,178"
10/04/2017,256.12,257.13,254.07,255.76,"3,030,643"
10/03/2017,255.99,258.26,254.69,255.46,"3,163,350"
10/02/2017,254.65,255.99,253.53,255.99,"2,684,896"
09/29/2017,253.85,255.26,252.59,254.21,"2,530,976"
09/28/2017,254.11,255.80,251.17,254.27,"2,585,753"
09/27/2017,255.27,258.77,253.97,255.28,"3,838,947"
09/26/2017,254.60,256.48,253.54,253.70,"2,173,467"
09/25/2017,256.97,256.97,251.50,254.32,"3,479,096"
09/22/2017,256.31,259.30,256.13,256.45,"3,475,066"
09/21/2017,256.13,256.99,254.42,256.04,"2,808,781"
09/20/2017,253.26,256.69,252.25,255.46,"3,853,030"
09/19/2017,253.08,255.17,251.63,252.46,"4,124,301"
09/18/2017,249.97,253.79,248.91,253.08,"5,192,909"
09/15/2017,247.36,249.95,246.21,249.00,"9,033,301"
09/14/2017,243.00,245.61,242.50,245.23,"4,993,043"
09/13/2017,240.00,243.48,237.09,241.93,"4,528,924"
09/12/2017,240.59,241.71,238.95,240.58,"2,702,717"
09/11/2017,239.50,241.85,239.31,240.59,"3,628,142"
09/08/2017,235.75,239.39,235.21,238.78,"3,404,114"
09/07/2017,234.75,236.54,234.29,236.31,"2,994,439"
09/06/2017,237.53,237.86,234.34,234.62,"4,252,437"
09/05/2017,240.30,240.36,236.23,237.00,"3,869,099"
09/04/2017,240.33,240.33,240.33,240.33,�
09/01/2017,239.66,242.53,239.17,240.33,"3,271,270"
08/31/2017,241.00,241.10,238.41,239.66,"3,075,738"
08/30/2017,240.99,241.44,239.00,240.46,"2,800,997"
08/29/2017,237.21,241.17,236.08,240.49,"3,535,465"
08/28/2017,236.22,237.55,234.61,237.18,"2,394,728"
08/25/2017,239.00,239.09,235.60,235.89,"2,270,156"
08/24/2017,238.52,238.90,236.60,238.74,"2,552,643"
08/23/2017,239.36,239.36,237.19,238.09,"2,524,875"
08/22/2017,236.16,239.89,236.11,239.75,"2,914,602"
08/21/2017,235.77,236.94,234.35,235.68,"2,544,827"
08/18/2017,235.00,237.26,234.57,235.77,"2,939,458"
08/17/2017,237.38,237.60,235.25,235.59,"2,810,933"
08/16/2017,239.70,240.26,237.41,237.59,"3,012,431"
08/15/2017,237.21,239.64,236.01,239.17,"2,850,078"
08/14/2017,236.01,237.48,235.72,237.15,"2,953,484"
08/11/2017,232.76,235.40,230.94,234.88,"3,461,473"
08/10/2017,234.03,236.16,231.91,232.88,"6,816,573"
08/09/2017,238.01,238.70,234.10,234.31,"5,678,880"
08/08/2017,239.91,240.52,238.93,239.50,"4,870,876"
08/07/2017,237.60,241.43,237.21,240.23,"3,674,140"
08/04/2017,238.58,239.73,236.38,237.71,"5,590,485"
08/03/2017,237.06,239.59,236.04,238.25,"5,112,265"
08/02/2017,239.06,241.56,237.88,237.95,"5,119,776"
08/01/2017,243.38,243.99,239.16,239.44,"5,018,036"
07/31/2017,241.85,246.49,241.82,242.46,"5,777,021"
07/28/2017,240.82,242.00,238.55,241.27,"4,602,381"
07/27/2017,237.13,242.68,236.70,241.00,"10,858,711"
07/26/2017,223.48,233.98,223.02,233.45,"14,135,155"
07/25/2017,213.22,214.00,211.95,212.46,"2,888,194"
07/24/2017,212.00,212.64,211.40,212.18,"2,392,641"
07/21/2017,209.99,212.20,209.41,212.14,"2,097,902"
07/20/2017,211.10,211.25,209.92,210.28,"2,235,052"
07/19/2017,209.43,210.93,208.99,210.88,"2,257,906"
07/18/2017,209.11,209.19,207.53,208.24,"1,943,094"
07/17/2017,208.73,209.72,208.56,209.00,"2,415,689"
07/14/2017,206.80,208.73,206.74,208.51,"3,228,684"
07/13/2017,206.80,207.00,205.35,206.23,"1,943,575"
07/12/2017,206.95,208.61,206.32,206.44,"2,816,995"
07/11/2017,204.00,206.66,204.00,206.27,"2,815,630"
07/10/2017,202.32,204.58,202.19,203.96,"2,701,428"
07/07/2017,202.24,203.28,201.26,202.37,"3,090,441"
07/06/2017,201.64,202.49,200.78,201.48,"2,737,400"
07/05/2017,199.30,202.14,198.86,201.81,"2,716,674"
07/04/2017,198.59,198.59,198.59,198.59,"0,000"
07/03/2017,198.07,199.44,197.75,198.59,"1,511,163"
06/30/2017,198.50,199.44,197.39,197.75,"2,225,564"
06/29/2017,199.62,199.76,196.45,197.46,"2,428,853"
06/28/2017,199.50,200.95,199.30,199.62,"2,096,525"
06/27/2017,199.80,200.92,198.89,198.89,"2,295,537"
06/26/2017,202.77,204.39,199.94,199.98,"3,077,532"
06/23/2017,199.26,202.35,198.68,202.23,"4,310,040"
06/22/2017,199.25,200.41,199.18,199.44,"3,339,238"
06/21/2017,199.58,199.71,197.56,199.17,"3,150,592"
06/20/2017,198.75,201.24,198.31,198.33,"3,077,403"
06/19/2017,197.88,199.47,197.00,199.08,"2,725,987"
06/16/2017,196.01,197.95,195.81,196.44,"6,938,785"
06/15/2017,191.43,195.55,191.37,195.45,"2,894,031"
06/14/2017,191.05,193.38,190.82,192.38,"2,209,603"
06/13/2017,190.05,191.56,189.35,191.09,"1,882,684"
06/12/2017,190.30,190.53,188.05,190.00,"2,730,111"
06/09/2017,190.00,190.99,189.25,190.03,"3,344,896"
06/08/2017,188.10,191.07,187.70,189.93,"2,340,325"
06/07/2017,186.85,188.54,186.39,188.10,"2,383,954"
06/06/2017,188.41,188.86,186.69,186.75,"2,724,570"
06/05/2017,190.07,190.74,188.81,188.95,"2,522,113"
06/02/2017,187.82,191.70,187.65,190.23,"3,034,227"
06/01/2017,187.41,187.91,184.53,187.32,"2,870,243"
05/31/2017,187.37,188.26,186.72,187.63,"5,186,677"
05/30/2017,186.76,187.42,186.19,186.88,"2,231,571"
05/29/2017,186.59,186.59,186.59,186.59,"0,000"
05/26/2017,186.73,187.61,186.27,186.59,"1,735,778"
05/25/2017,185.63,187.42,185.59,187.07,"2,363,319"
05/24/2017,183.46,185.40,183.46,185.25,"2,425,305"
05/23/2017,184.00,184.46,182.86,183.49,"2,123,758"
05/22/2017,183.78,185.32,182.52,183.67,"2,945,650"
05/19/2017,177.73,181.42,176.77,180.76,"4,037,909"
05/18/2017,178.48,178.50,175.47,177.40,"3,117,918"
05/17/2017,181.39,181.52,178.68,178.78,"2,535,741"
05/16/2017,182.73,183.15,182.04,182.70,"2,156,022"
05/15/2017,183.30,184.11,182.28,182.39,"3,357,465"
05/12/2017,183.71,183.98,182.63,183.25,"3,478,823"
05/11/2017,182.90,184.33,182.17,183.94,"2,883,701"
05/10/2017,185.14,185.65,178.18,183.18,"7,059,166"
05/09/2017,186.11,187.21,186.05,186.91,"3,003,575"
05/08/2017,185.38,186.39,185.00,186.02,"1,963,560"
05/05/2017,183.16,185.07,183.16,185.01,"2,634,836"
05/04/2017,183.33,184.25,182.18,183.07,"2,289,326"
05/03/2017,183.45,183.75,182.25,183.39,"2,983,245"
05/02/2017,182.54,183.91,182.53,183.44,"1,979,787"
05/01/2017,184.23,184.49,181.80,182.39,"3,516,574"
04/28/2017,183.42,184.93,183.02,184.83,"2,181,167"
04/27/2017,182.59,183.76,182.59,183.22,"3,129,001"
04/26/2017,182.31,183.00,180.11,181.71,"4,471,456"
04/25/2017,182.53,183.85,182.53,183.51,"3,734,746"
04/24/2017,181.75,182.46,181.61,182.06,"3,141,913"
04/21/2017,179.42,180.93,179.42,180.38,"3,145,856"
04/20/2017,178.74,179.82,178.35,179.30,"2,335,176"
04/19/2017,178.47,179.90,178.16,178.40,"2,123,532"
04/18/2017,178.59,179.97,177.12,177.85,"2,957,495"
04/17/2017,175.84,179.08,175.65,179.02,"2,450,182"
04/14/2017,175.62,175.62,175.62,175.62,"0,000"
04/13/2017,175.74,176.88,175.56,175.62,"2,023,510"
04/12/2017,178.25,178.25,175.94,176.05,"2,922,425"
04/11/2017,177.50,178.60,176.96,178.57,"2,265,743"
04/10/2017,179.00,179.97,177.48,177.56,"2,308,641"
04/07/2017,178.39,179.09,177.26,178.85,"2,806,779"
04/06/2017,177.56,178.22,177.12,177.37,"2,343,873"
04/05/2017,179.00,180.18,176.89,177.08,"2,566,887"
04/04/2017,176.88,178.79,176.76,178.70,"2,326,494"
04/03/2017,177.08,177.73,175.50,176.65,"2,933,653"
03/31/2017,178.02,178.18,176.81,176.86,"2,032,734"
03/30/2017,177.25,178.49,177.22,177.98,"1,737,221"
03/29/2017,177.40,177.99,176.97,177.63,"1,640,601"
03/28/2017,176.29,177.68,175.00,177.36,"2,412,559"
03/27/2017,174.37,176.44,173.75,176.10,"2,750,685"
03/24/2017,176.85,177.53,174.77,175.82,"2,386,769"
03/23/2017,177.34,177.85,176.59,177.26,"2,006,383"
03/22/2017,175.96,177.10,175.50,176.98,"2,505,638"
03/21/2017,179.99,180.25,175.50,175.96,"3,238,929"
03/20/2017,180.10,180.15,179.14,179.39,"2,062,211"
03/17/2017,178.31,180.38,178.17,180.10,"5,036,593"
03/16/2017,179.82,180.00,177.64,178.19,"3,100,694"
03/15/2017,179.00,179.24,177.97,178.71,"3,568,847"
03/14/2017,178.54,179.69,177.71,178.73,"2,346,666"
03/13/2017,177.16,179.19,177.07,179.05,"3,471,683"
03/10/2017,181.90,181.97,177.92,178.70,"4,595,466"
03/09/2017,181.43,182.59,179.58,180.57,"3,100,466"
03/08/2017,182.40,182.69,181.49,181.74,"2,321,031"
03/07/2017,180.64,182.84,180.62,182.02,"2,451,960"
03/06/2017,181.40,182.30,180.43,180.93,"4,243,925"
03/03/2017,183.04,183.58,181.45,182.18,"3,938,670"
03/02/2017,184.00,185.71,182.97,182.99,"4,907,025"
03/01/2017,181.85,184.80,181.82,183.91,"5,461,436"
02/28/2017,180.34,181.93,179.67,180.23,"4,785,095"
02/27/2017,178.00,179.88,177.55,179.43,"2,892,521"
02/24/2017,176.75,178.80,176.10,177.44,"4,197,017"
02/23/2017,175.97,177.00,175.70,176.86,"3,501,522"
02/22/2017,174.98,175.75,174.01,175.36,"2,832,036"
02/21/2017,173.92,176.17,173.68,175.56,"4,231,664"
02/20/2017,172.71,172.71,172.71,172.71,"0,000"
02/17/2017,170.41,173.25,170.40,172.71,"4,982,657"
02/16/2017,169.64,170.81,168.75,170.81,"3,069,947"
02/15/2017,168.42,169.95,168.35,169.30,"4,033,078"
02/14/2017,167.70,168.80,167.22,168.50,"2,580,278"
02/13/2017,166.45,169.07,166.35,168.03,"3,765,027"
02/10/2017,165.25,166.45,164.47,166.23,"2,689,719"
02/09/2017,164.67,165.09,164.06,164.28,"3,451,132"
02/08/2017,165.00,165.24,163.69,163.81,"3,041,594"
02/07/2017,165.00,167.42,164.87,166.50,"4,243,139"
02/06/2017,162.42,164.08,162.38,163.98,"3,110,489"
02/03/2017,162.99,163.56,162.31,162.40,"2,981,662"
02/02/2017,163.22,163.97,160.82,162.26,"3,791,625"
02/01/2017,164.25,165.81,163.12,163.97,"3,137,956"
01/31/2017,164.96,165.10,163.22,163.42,"5,350,206"
01/30/2017,165.92,165.99,163.82,165.57,"5,456,015"
01/27/2017,169.21,169.80,167.01,167.70,"4,883,230"
01/26/2017,167.25,170.00,167.25,169.12,"5,436,834"
01/25/2017,163.59,168.65,163.24,167.36,"7,477,733"
01/24/2017,158.58,160.93,157.84,160.55,"3,925,624"
01/23/2017,158.94,159.50,157.29,157.84,"3,929,835"
01/20/2017,159.81,160.30,158.23,159.53,"3,343,530"
01/19/2017,158.87,159.87,157.91,159.00,"3,143,963"
01/18/2017,157.55,159.05,156.75,158.32,"2,087,283"
01/17/2017,158.20,159.04,157.23,157.67,"2,758,738"
01/16/2017,158.83,158.83,158.83,158.83,"0,000"
01/13/2017,158.74,159.58,158.34,158.83,"2,435,391"
01/12/2017,159.15,159.16,156.67,158.29,"3,020,336"
01/11/2017,159.54,159.70,158.28,159.40,"2,416,387"
01/10/2017,158.96,159.94,158.57,159.07,"2,988,302"
01/09/2017,159.00,159.24,158.17,158.32,"2,838,600"
01/06/2017,158.98,159.66,157.89,159.10,"2,426,662"
01/05/2017,158.41,159.70,157.40,158.71,"2,795,684"
01/04/2017,157.81,159.23,157.81,158.62,"3,189,810"
01/03/2017,156.30,157.14,155.21,156.97,"3,426,124"
01/02/2017,155.68,155.68,155.68,155.68,"0,000"
12/30/2016,156.49,156.79,154.96,155.68,"2,028,382"
12/29/2016,156.00,156.75,155.16,155.69,"1,803,554"
12/28/2016,157.12,157.35,156.01,156.10,"1,810,321"
12/27/2016,158.41,158.48,156.91,157.48,"1,858,139"
12/26/2016,157.81,157.81,157.81,157.81,"0,000"
12/23/2016,158.27,158.27,156.51,157.81,"2,135,528"
12/22/2016,158.50,158.99,156.25,157.46,"3,957,361"
12/21/2016,156.69,158.50,156.65,157.48,"2,326,366"
12/20/2016,156.96,157.89,155.95,156.39,"2,270,094"
12/19/2016,155.16,157.10,155.07,156.18,"3,002,737"
12/16/2016,153.88,156.00,153.14,154.50,"5,885,499"
12/15/2016,153.93,155.24,153.06,153.77,"2,888,644"
12/14/2016,156.23,156.37,154.18,154.47,"3,640,207"
12/13/2016,159.10,160.07,154.88,156.66,"5,650,049"
12/12/2016,156.00,158.00,154.30,157.16,"4,249,779"
12/09/2016,155.65,156.88,155.42,156.49,"2,707,872"
12/08/2016,154.60,155.97,154.14,155.39,"2,928,370"
12/07/2016,151.67,154.31,151.07,154.14,"2,955,613"
12/06/2016,150.84,152.64,150.02,152.24,"3,471,352"
12/05/2016,153.24,153.75,151.85,152.16,"2,855,933"
12/02/2016,152.45,152.49,151.12,152.25,"2,105,571"
12/01/2016,150.74,152.69,150.39,152.39,"2,843,930"
11/30/2016,151.59,153.08,150.56,150.56,"3,990,972"
11/29/2016,149.83,152.11,149.11,151.64,"3,945,317"
11/28/2016,149.00,150.09,148.32,149.77,"4,728,648"
11/25/2016,150.00,150.15,149.03,150.04,"962,387"
11/24/2016,149.74,149.74,149.74,149.74,"0,000"
11/23/2016,149.61,150.81,149.03,149.74,"3,071,074"
11/22/2016,147.90,149.76,147.88,149.52,"3,770,002"
11/21/2016,147.21,148.49,146.52,147.02,"2,825,845"
11/18/2016,145.18,146.60,144.46,146.35,"2,214,419"
11/17/2016,146.83,147.12,145.00,145.33,"3,655,624"
11/16/2016,147.30,148.41,146.14,146.44,"3,553,694"
11/15/2016,148.44,149.45,147.19,148.11,"3,856,481"
11/14/2016,148.21,150.09,148.21,149.99,"4,470,998"
11/11/2016,147.12,148.60,146.56,148.52,"3,585,163"
11/10/2016,146.51,149.34,146.39,147.69,"6,507,790"
11/09/2016,141.60,145.85,141.54,145.09,"5,493,728"
11/08/2016,141.92,143.31,141.29,142.20,"2,822,675"
11/07/2016,141.50,143.10,141.49,143.03,"3,227,791"
11/04/2016,139.11,140.85,138.80,139.54,"2,951,457"
11/03/2016,140.76,140.90,139.35,140.02,"2,280,825"
11/02/2016,142.00,142.87,140.59,140.75,"2,781,915"
11/01/2016,142.95,143.90,141.81,142.41,"3,244,997"
10/31/2016,143.05,143.35,142.15,142.43,"3,075,889"
10/28/2016,143.72,144.00,142.17,143.01,"4,636,040"
10/27/2016,145.83,146.23,141.78,143.31,"7,855,241"
10/26/2016,138.43,146.19,136.72,145.54,"13,271,944"
10/25/2016,137.53,139.42,137.35,139.02,"5,206,934"
10/24/2016,136.41,138.88,136.41,137.45,"3,814,097"
10/21/2016,134.72,136.19,134.25,135.63,"2,205,772"
10/20/2016,135.92,136.75,135.37,135.84,"2,539,711"
10/19/2016,135.42,136.95,135.33,136.18,"2,261,040"
10/18/2016,135.03,135.74,134.92,135.10,"2,271,047"
10/17/2016,133.50,135.38,133.33,134.00,"2,435,134"
10/14/2016,134.56,135.25,133.48,133.50,"2,317,429"
10/13/2016,132.42,133.93,131.39,133.38,"3,544,190"
10/12/2016,133.76,134.28,133.00,133.16,"2,264,188"
10/11/2016,134.94,135.69,133.27,133.74,"3,606,930"
10/10/2016,134.59,136.87,134.59,135.84,"3,343,271"
10/07/2016,133.93,134.66,132.54,133.85,"4,301,931"
10/06/2016,134.83,135.00,133.68,134.42,"3,614,860"
10/05/2016,132.93,134.90,132.55,134.66,"3,128,149"
10/04/2016,132.77,133.23,131.69,132.25,"2,829,188"
10/03/2016,131.28,132.72,130.74,132.38,"2,435,765"
09/30/2016,132.09,132.63,131.27,131.74,"3,117,179"
09/29/2016,131.80,132.78,130.68,131.03,"2,199,345"
09/28/2016,131.59,132.36,130.59,132.23,"1,772,865"
09/27/2016,130.29,131.74,129.86,131.32,"1,939,020"
09/26/2016,131.07,131.58,130.43,130.57,"2,219,885"
09/23/2016,131.25,132.29,131.01,131.78,"2,330,320"
09/22/2016,131.45,132.48,131.17,131.87,"3,252,493"
09/21/2016,128.18,130.63,128.18,130.56,"3,227,143"
09/20/2016,127.95,128.50,127.57,127.79,"2,639,279"
09/19/2016,127.50,128.30,127.27,127.48,"3,168,098"
09/16/2016,127.71,127.71,126.34,126.70,"8,035,566"
09/15/2016,127.57,128.46,126.94,127.77,"3,476,584"
09/14/2016,128.91,129.31,127.34,127.67,"3,955,402"
09/13/2016,129.22,130.02,128.26,128.76,"4,552,291"
09/12/2016,126.88,130.68,126.31,130.12,"6,380,662"
09/09/2016,131.94,131.94,128.52,128.53,"4,892,603"
09/08/2016,132.32,132.91,131.51,132.90,"2,618,277"
09/07/2016,132.48,133.08,132.00,132.64,"2,198,386"
09/06/2016,131.63,132.99,131.27,132.99,"4,151,796"
09/05/2016,131.16,131.16,131.16,131.16,"0,000"
09/02/2016,130.89,131.96,130.58,131.16,"2,631,047"
09/01/2016,130.03,130.03,128.36,129.90,"2,807,237"
08/31/2016,130.83,130.83,129.14,129.45,"3,639,013"
08/30/2016,133.19,133.44,130.68,130.81,"3,437,290"
08/29/2016,132.72,133.58,132.32,132.90,"2,380,035"
08/26/2016,133.50,134.08,131.82,132.23,"1,973,740"
08/25/2016,133.30,133.30,132.42,132.98,"1,921,322"
08/24/2016,134.01,134.65,133.07,133.29,"2,135,910"
08/23/2016,135.32,136.37,133.64,134.14,"3,481,863"
08/22/2016,134.30,135.67,133.84,134.99,"2,520,722"
08/19/2016,134.50,135.00,133.84,134.44,"1,922,645"
08/18/2016,134.72,135.96,134.53,135.00,"2,030,826"
08/17/2016,134.85,134.99,134.11,134.72,"2,854,630"
08/16/2016,134.15,135.21,133.40,135.00,"2,759,136"
08/15/2016,133.70,135.00,133.55,134.66,"2,812,634"
08/12/2016,132.90,133.78,132.63,133.10,"2,522,523"
08/11/2016,132.85,133.56,132.30,133.00,"2,275,674"
08/10/2016,132.10,133.53,131.71,132.28,"2,642,249"
08/09/2016,132.73,132.99,132.23,132.62,"3,013,919"
08/08/2016,132.14,132.95,131.75,132.19,"2,443,769"
08/05/2016,132.21,132.44,131.01,131.73,"3,120,136"
08/04/2016,132.00,132.55,130.96,131.21,"3,009,006"
08/03/2016,131.77,132.45,131.62,131.87,"2,359,275"
08/02/2016,132.95,133.40,131.35,131.60,"3,156,735"
08/01/2016,133.21,134.23,132.70,133.21,"3,067,255"
07/29/2016,133.05,133.80,132.30,133.66,"3,559,058"
07/28/2016,135.40,135.86,132.55,133.01,"5,142,388"
07/27/2016,136.14,139.45,135.71,135.96,"5,660,768"
07/26/2016,132.90,134.97,132.51,134.85,"4,666,989"
07/25/2016,133.18,133.30,132.38,132.94,"3,078,599"
07/22/2016,131.75,133.49,130.57,133.47,"4,844,735"
07/21/2016,134.76,134.98,133.03,133.53,"2,853,331"
07/20/2016,134.55,135.18,134.04,134.72,"2,669,691"
07/19/2016,132.91,135.67,132.83,134.66,"3,390,031"
07/18/2016,132.38,133.89,131.95,133.43,"3,338,398"
07/15/2016,131.80,132.75,131.45,132.39,"2,942,790"
07/14/2016,131.63,131.92,130.20,131.55,"3,980,943"
07/13/2016,131.28,131.39,129.37,130.11,"3,061,397"
07/12/2016,132.80,133.00,130.33,130.81,"4,318,018"
07/11/2016,130.84,133.25,130.80,132.04,"3,929,720"
07/08/2016,128.60,130.46,127.66,130.09,"3,597,622"
07/07/2016,126.92,128.17,126.26,127.17,"3,050,030"
07/06/2016,127.25,127.31,123.96,126.96,"3,981,574"
07/05/2016,128.43,129.00,126.63,126.97,"4,828,971"
07/04/2016,129.69,129.69,129.69,129.69,"0,000"
07/01/2016,129.54,130.34,129.16,129.69,"3,247,885"
06/30/2016,127.08,129.87,127.08,129.87,"4,110,631"
06/29/2016,125.49,127.32,124.16,126.99,"4,916,718"
06/28/2016,124.50,124.76,122.70,123.89,"4,438,083"
06/27/2016,125.68,125.75,122.35,122.70,"6,251,175"
06/24/2016,128.14,129.39,126.21,126.52,"9,706,250"
06/23/2016,133.91,134.55,132.73,133.55,"4,113,796"
06/22/2016,132.10,133.16,131.58,131.77,"2,640,944"
06/21/2016,133.19,133.28,131.49,131.52,"2,841,042"
06/20/2016,131.36,133.90,131.21,132.75,"4,331,887"
06/17/2016,129.83,129.99,128.81,129.82,"6,739,524"
06/16/2016,129.32,129.89,126.90,129.37,"4,066,106"
06/15/2016,130.88,131.77,129.97,130.16,"3,324,652"
06/14/2016,129.63,130.60,128.50,130.50,"3,716,959"
06/13/2016,130.79,131.51,129.88,129.92,"3,645,025"
06/10/2016,131.76,132.12,130.37,131.14,"3,828,593"
06/09/2016,132.10,133.82,131.92,133.10,"3,811,169"
06/08/2016,132.52,133.53,132.04,133.00,"3,883,726"
06/07/2016,132.41,133.39,131.82,131.93,"4,423,983"
06/06/2016,127.60,132.08,127.45,131.90,"6,996,226"
06/03/2016,126.42,127.58,125.95,127.38,"5,485,169"
06/02/2016,126.65,127.03,125.32,126.85,"4,802,006"
06/01/2016,126.00,126.50,124.78,126.41,"4,679,140"
05/31/2016,129.88,129.98,126.04,126.15,"6,894,008"
05/30/2016,129.22,129.22,129.22,129.22,"0,000"
05/27/2016,128.96,129.70,128.83,129.22,"3,043,644"
05/26/2016,128.48,129.90,128.32,129.31,"2,586,216"
05/25/2016,128.00,129.78,127.37,128.86,"4,656,748"
05/24/2016,127.76,128.81,126.32,127.50,"5,101,799"
05/23/2016,127.40,128.41,125.88,127.58,"3,977,242"
05/20/2016,129.13,129.25,127.21,127.39,"3,297,732"
05/19/2016,130.24,130.43,127.09,128.08,"5,061,252"
05/18/2016,132.45,133.18,130.34,130.99,"4,059,866"
05/17/2016,133.62,134.49,131.96,132.56,"4,031,994"
05/16/2016,131.63,134.41,131.55,134.14,"3,165,224"
05/13/2016,133.74,134.94,131.91,132.12,"3,965,859"
05/12/2016,133.49,135.04,133.49,134.42,"4,591,261"
05/11/2016,133.81,134.99,132.94,133.00,"3,284,133"
05/10/2016,133.18,135.24,132.79,134.72,"3,378,345"
05/09/2016,132.80,133.81,131.82,132.10,"3,431,065"
05/06/2016,132.11,133.63,131.76,133.26,"2,465,916"
05/05/2016,131.73,132.64,131.12,132.08,"4,199,192"
05/04/2016,131.59,132.31,130.53,130.89,"3,340,340"
05/03/2016,132.70,133.31,131.46,132.49,"4,028,700"
05/02/2016,134.38,135.00,133.23,134.01,"3,703,832"
04/29/2016,134.42,135.23,132.81,134.80,"3,716,644"
04/28/2016,136.29,137.72,134.50,134.80,"4,936,233"
04/27/2016,133.20,137.89,131.95,137.08,"6,930,700"
04/26/2016,131.25,133.27,131.06,133.24,"6,103,130"
04/25/2016,130.45,131.00,129.31,130.75,"4,600,056"
04/22/2016,131.09,131.83,130.50,131.05,"3,858,140"
04/21/2016,130.98,132.64,130.30,130.74,"4,799,588"
04/20/2016,128.55,131.36,128.49,130.57,"6,799,035"
04/19/2016,132.57,133.85,132.21,132.68,"2,930,833"
04/18/2016,130.64,132.25,130.32,131.97,"3,056,130"
04/15/2016,130.95,131.60,130.68,131.13,"5,008,673"
04/14/2016,131.50,131.95,130.53,130.85,"4,527,589"
04/13/2016,130.49,131.50,129.81,131.14,"3,514,770"
04/12/2016,127.62,130.38,126.68,129.47,"4,238,120"
04/11/2016,128.25,129.90,127.68,127.91,"3,611,551"
04/08/2016,128.04,130.02,127.61,127.88,"3,939,827"
04/07/2016,127.00,128.94,126.56,127.00,"4,596,320"
04/06/2016,127.16,128.04,125.75,127.93,"3,998,013"
04/05/2016,126.15,128.59,125.58,127.03,"4,660,145"
04/04/2016,126.54,127.97,125.88,126.34,"5,035,246"
04/01/2016,126.23,127.09,125.11,126.96,"5,327,854"
03/31/2016,128.09,128.38,125.25,126.94,"8,758,093"
03/30/2016,131.48,132.73,128.02,128.58,"5,947,968"
03/29/2016,129.83,130.93,128.18,130.88,"4,910,240"
03/28/2016,132.53,132.62,130.55,131.29,"3,352,222"
03/25/2016,132.12,132.12,132.12,132.12,"0,000"
03/24/2016,131.61,132.23,130.03,132.12,"4,573,148"
03/23/2016,134.99,135.00,132.74,132.86,"4,360,958"
03/22/2016,135.14,136.10,134.78,135.12,"4,988,533"
03/21/2016,133.46,136.78,133.39,135.86,"5,671,295"
03/18/2016,131.24,134.68,131.01,133.96,"9,108,420"
03/17/2016,128.07,131.60,127.42,130.70,"5,800,942"
03/16/2016,126.24,128.13,125.75,127.57,"5,154,713"
03/15/2016,125.55,126.37,124.21,126.36,"3,716,587"
03/14/2016,123.93,127.00,123.86,126.34,"4,282,901"
03/11/2016,124.13,125.50,123.86,124.63,"3,260,095"
03/10/2016,123.14,123.82,121.43,122.94,"4,111,343"
03/09/2016,122.38,123.26,122.03,122.86,"3,380,229"
03/08/2016,121.98,122.97,121.31,122.35,"5,255,729"
03/07/2016,120.80,123.32,120.57,122.90,"4,492,729"
03/04/2016,120.17,122.23,119.85,121.07,"4,421,538"
03/03/2016,118.84,119.73,118.25,119.61,"3,404,500"
03/02/2016,119.63,120.75,118.50,119.65,"4,292,190"
03/01/2016,119.01,120.99,118.25,119.96,"4,595,376"
02/29/2016,118.12,119.47,117.50,118.18,"4,569,123"
02/26/2016,117.75,119.45,117.50,118.16,"3,757,759"
02/25/2016,116.35,117.60,115.78,116.82,"4,666,600"
02/24/2016,115.37,115.96,112.51,115.59,"6,856,785"
02/23/2016,116.97,118.50,115.93,116.90,"3,761,995"
02/22/2016,116.55,118.97,116.03,117.39,"4,930,180"
02/19/2016,117.31,117.33,114.42,115.16,"6,920,609"
02/18/2016,116.91,118.23,116.68,117.57,"6,488,674"
02/17/2016,114.03,116.83,113.99,116.34,"6,618,067"
02/16/2016,109.73,112.76,109.00,112.60,"7,587,621"
02/15/2016,108.63,108.63,108.63,108.63,"0,000"
02/12/2016,105.12,109.84,105.00,108.63,"12,973,233"
02/11/2016,113.18,113.40,102.10,108.44,"33,734,976"
02/10/2016,118.16,119.46,116.27,116.36,"4,886,044"
02/09/2016,117.98,119.98,117.43,118.88,"4,137,210"
02/08/2016,120.67,121.33,117.25,119.47,"6,451,449"
02/05/2016,123.63,124.17,121.03,122.56,"6,186,631"
02/04/2016,121.12,124.91,121.12,123.61,"5,834,171"
02/03/2016,118.80,122.13,117.15,121.87,"7,361,035"
02/02/2016,119.69,120.28,117.37,117.52,"8,645,144"
02/01/2016,119.64,122.29,118.65,121.56,"6,812,827"
01/29/2016,118.14,120.18,118.02,120.13,"9,195,706"
01/28/2016,117.10,118.03,115.06,118.01,"10,708,395"
01/27/2016,119.90,120.11,115.02,116.58,"27,935,129"
01/26/2016,124.98,128.15,124.50,128.01,"5,432,346"
01/25/2016,124.60,125.24,123.40,124.01,"4,551,372"
01/22/2016,124.42,125.68,123.32,124.61,"5,259,941"
01/21/2016,122.77,125.98,121.54,123.40,"5,545,283"
01/20/2016,124.00,124.94,119.82,122.14,"7,635,893"
01/19/2016,127.06,127.22,125.11,126.06,"5,478,511"
01/18/2016,125.63,125.63,125.63,125.63,"0,000"
01/15/2016,125.80,127.14,124.51,125.63,"6,677,766"
01/14/2016,129.59,130.07,125.81,129.20,"6,517,653"
01/13/2016,132.70,132.88,127.75,128.12,"5,072,855"
01/12/2016,131.58,132.17,129.64,131.92,"4,171,193"
01/11/2016,130.85,131.00,128.92,130.21,"5,551,438"
01/08/2016,133.70,135.10,129.80,129.99,"5,776,693"
01/07/2016,136.38,136.67,132.51,133.01,"7,012,121"
01/06/2016,138.83,139.35,137.26,138.83,"4,253,800"
01/05/2016,140.99,141.70,139.77,141.07,"3,356,951"
01/04/2016,141.38,141.70,139.43,140.50,"5,719,341"
01/01/2016,144.59,144.59,144.59,144.59,"0,000"
12/31/2015,145.96,145.96,144.50,144.59,"2,105,078"
12/30/2015,147.22,148.00,146.01,146.41,"1,618,898"
12/29/2015,145.06,147.56,145.00,147.35,"3,133,578"
12/28/2015,143.26,144.67,142.85,144.54,"1,980,017"
12/25/2015,143.53,143.53,143.53,143.53,"0,000"
12/24/2015,143.60,143.93,143.36,143.53,"1,184,981"
12/23/2015,143.08,144.07,142.81,144.06,"3,353,818"
12/22/2015,141.72,142.79,140.50,142.38,"2,791,615"
12/21/2015,140.21,141.94,139.70,140.90,"3,746,389"
12/18/2015,144.41,144.41,138.89,139.58,"9,914,526"
12/17/2015,148.85,149.80,145.50,145.56,"3,448,785"
12/16/2015,147.98,148.61,146.23,148.11,"3,315,793"
12/15/2015,145.66,147.10,144.12,146.53,"4,705,129"
12/14/2015,144.50,144.50,141.46,143.00,"4,842,267"
12/11/2015,145.00,145.70,143.72,144.62,"3,684,384"
12/10/2015,144.62,147.46,144.16,146.41,"3,278,479"
12/09/2015,144.60,145.69,142.27,144.24,"5,124,573"
12/08/2015,146.82,147.23,144.65,144.99,"5,021,085"
12/07/2015,148.30,149.50,147.32,148.45,"3,417,715"
12/04/2015,146.35,148.78,146.09,148.50,"3,892,356"
12/03/2015,147.05,147.63,144.28,145.56,"3,008,656"
12/02/2015,147.55,148.03,146.38,146.96,"2,648,847"
12/01/2015,146.54,149.40,146.47,147.74,"3,444,346"
11/30/2015,146.97,147.26,145.36,145.45,"3,176,745"
11/27/2015,147.50,147.97,146.68,146.95,"1,282,131"
11/26/2015,147.43,147.43,147.43,147.43,"0,000"
11/25/2015,149.04,149.15,147.38,147.43,"1,852,242"
11/24/2015,147.49,149.59,147.22,148.65,"2,626,649"
11/23/2015,149.39,149.70,147.71,148.34,"3,182,749"
11/20/2015,149.84,150.59,149.12,149.40,"3,210,154"
11/19/2015,148.79,149.48,148.26,149.24,"2,492,572"
11/18/2015,146.24,148.39,146.23,148.28,"3,100,134"
11/17/2015,145.29,146.59,144.64,146.08,"3,038,332"
11/16/2015,142.58,144.50,142.33,144.42,"2,378,332"
11/13/2015,142.33,143.89,141.86,142.59,"3,063,568"
11/12/2015,143.00,144.40,141.59,142.54,"3,796,659"
11/11/2015,145.20,145.83,144.52,144.99,"1,589,257"
11/10/2015,145.28,146.14,144.03,145.15,"2,524,124"
11/09/2015,146.75,147.48,145.18,145.98,"2,980,833"
11/06/2015,146.58,148.17,146.01,147.94,"2,294,059"
11/05/2015,148.19,148.84,146.49,147.97,"2,545,336"
11/04/2015,147.26,148.76,147.18,148.19,"2,771,502"
11/03/2015,148.03,148.46,147.14,148.09,"2,469,815"
11/02/2015,148.38,149.47,147.56,148.40,"2,516,541"
10/30/2015,147.40,149.60,147.09,148.07,"3,937,974"
10/29/2015,147.54,147.87,145.83,147.18,"3,071,949"
10/28/2015,147.99,148.81,145.14,147.88,"4,408,265"
10/27/2015,146.22,148.99,146.01,148.46,"3,411,212"
10/26/2015,146.21,147.23,145.55,146.70,"3,143,367"
10/23/2015,147.37,147.75,144.91,146.70,"4,691,129"
10/22/2015,142.00,147.36,141.93,146.31,"6,976,172"
10/21/2015,141.70,142.15,136.61,141.19,"8,976,509"
10/20/2015,137.94,139.93,137.58,138.88,"4,202,297"
10/19/2015,137.60,138.61,136.39,138.42,"4,021,911"
10/16/2015,137.43,138.73,136.52,137.60,"3,173,330"
10/15/2015,135.16,137.67,135.00,137.39,"6,368,283"
10/14/2015,139.75,140.89,133.58,134.22,"8,747,112"
10/13/2015,139.44,140.50,139.43,140.29,"2,339,588"
10/12/2015,139.93,141.07,139.32,140.68,"1,942,171"
10/09/2015,139.07,140.24,138.36,139.70,"3,065,636"
10/08/2015,136.66,139.35,136.07,139.04,"2,835,613"
10/07/2015,135.69,137.73,135.26,137.02,"3,284,108"
10/06/2015,134.10,135.54,133.67,134.63,"3,059,466"
10/05/2015,132.28,134.15,131.35,134.02,"4,587,247"
10/02/2015,129.00,132.59,128.56,132.56,"3,020,473"
10/01/2015,131.32,131.79,128.98,130.61,"2,878,388"
09/30/2015,130.27,131.41,129.62,130.95,"3,062,539"
09/29/2015,128.11,129.15,127.47,128.75,"2,935,049"
09/28/2015,130.44,130.48,128.03,128.13,"4,159,791"
09/25/2015,131.57,131.73,129.28,131.01,"4,149,269"
09/24/2015,130.72,130.77,127.18,129.75,"5,297,038"
09/23/2015,134.66,135.00,131.61,131.67,"4,906,094"
09/22/2015,134.49,134.49,132.52,133.99,"3,464,997"
09/21/2015,136.42,137.45,134.94,136.02,"2,460,863"
09/18/2015,135.75,137.69,134.40,136.09,"7,301,896"
09/17/2015,137.36,139.91,136.94,137.45,"3,405,575"
09/16/2015,136.26,137.43,136.01,137.20,"2,504,368"
09/15/2015,134.52,137.00,134.52,136.30,"3,761,791"
09/14/2015,134.72,135.13,133.73,134.43,"2,389,564"
09/11/2015,133.16,134.86,132.89,134.67,"2,628,223"
09/10/2015,132.34,134.57,132.27,133.55,"2,932,190"
09/09/2015,135.59,136.25,132.21,132.65,"4,713,455"
09/08/2015,132.27,133.99,132.00,133.82,"3,505,696"
09/07/2015,129.76,129.76,129.76,129.76,"0,000"
09/04/2015,129.55,130.49,128.66,129.76,"3,746,435"
09/03/2015,132.31,132.35,130.48,131.02,"3,378,646"
09/02/2015,128.71,130.67,127.74,130.63,"4,809,294"
09/01/2015,128.16,128.99,126.94,127.44,"5,771,809"
08/31/2015,132.37,132.70,130.39,130.68,"4,231,616"
08/28/2015,131.43,133.72,130.86,133.24,"4,508,349"
08/27/2015,131.08,132.36,129.46,131.87,"5,753,342"
08/26/2015,129.34,129.76,125.23,129.34,"6,427,739"
08/25/2015,130.00,130.72,125.43,125.49,"7,158,331"
08/24/2015,123.64,135.50,115.14,127.19,"9,425,508"
08/21/2015,134.88,135.09,131.46,131.71,"7,957,400"
08/20/2015,141.62,141.90,136.90,137.02,"6,597,299"
08/19/2015,143.42,144.48,142.32,142.72,"2,967,301"
08/18/2015,144.39,145.21,143.82,144.60,"1,955,461"
08/17/2015,144.60,144.86,142.93,144.44,"3,745,958"
08/14/2015,144.61,145.47,143.76,145.09,"2,927,035"
08/13/2015,142.03,145.45,141.53,144.81,"5,129,524"
08/12/2015,142.55,143.01,139.86,142.43,"4,405,521"
08/11/2015,144.14,144.93,143.28,144.05,"2,816,379"
08/10/2015,143.79,146.77,143.78,145.86,"3,432,000"
08/07/2015,143.22,143.84,141.70,142.42,"2,953,094"
08/06/2015,144.70,145.25,143.42,143.82,"2,456,980"
08/05/2015,143.90,145.60,143.77,144.95,"2,926,089"
08/04/2015,143.55,144.87,143.04,143.54,"1,972,785"
08/03/2015,144.44,144.75,142.59,143.69,"3,087,956"
07/31/2015,143.76,144.92,143.29,144.17,"3,163,496"
07/30/2015,143.35,143.92,142.21,143.01,"2,643,985"
07/29/2015,142.48,144.61,142.37,144.14,"3,260,393"
07/28/2015,141.61,142.17,139.51,141.81,"4,137,551"
07/27/2015,143.22,143.35,140.80,141.03,"3,531,952"
07/24/2015,145.81,146.47,143.98,144.06,"2,454,926"
07/23/2015,147.00,147.95,145.79,146.11,"4,056,025"
07/22/2015,148.90,149.18,145.11,146.47,"6,236,525"
07/21/2015,146.59,146.59,144.22,145.00,"4,450,881"
07/20/2015,147.11,147.20,145.91,146.72,"3,016,207"
07/17/2015,147.25,147.44,146.02,146.84,"3,127,029"
07/16/2015,147.79,148.80,147.77,148.49,"2,509,591"
07/15/2015,147.75,147.75,146.48,146.89,"2,653,811"
07/14/2015,146.76,148.30,146.45,147.75,"3,388,590"
07/13/2015,145.96,146.75,145.60,146.62,"2,194,235"
07/10/2015,144.14,145.19,143.87,144.48,"2,192,062"
07/09/2015,143.89,144.20,142.73,142.80,"2,486,829"
07/08/2015,142.50,143.15,141.52,141.92,"3,386,230"
07/07/2015,140.80,143.44,140.14,143.15,"3,692,104"
07/06/2015,139.02,140.73,139.00,140.52,"2,093,393"
07/03/2015,140.21,140.21,140.21,140.21,"0,000"
07/02/2015,141.29,141.52,139.88,140.21,"2,116,516"
07/01/2015,140.48,141.14,140.02,140.73,"3,260,768"
06/30/2015,140.06,140.06,138.44,138.72,"3,434,761"
06/29/2015,140.96,141.32,138.58,138.73,"3,754,314"
06/26/2015,143.03,143.04,141.89,142.48,"3,151,846"
06/25/2015,143.27,143.76,142.34,142.45,"2,150,968"
06/24/2015,143.76,144.80,142.51,143.00,"3,989,088"
06/23/2015,146.33,146.45,143.80,144.43,"2,864,249"
06/22/2015,146.07,146.21,145.09,145.70,"2,084,111"
06/19/2015,145.19,146.10,144.95,145.13,"4,837,053"
06/18/2015,143.91,146.53,143.91,145.38,"3,728,900"
06/17/2015,142.87,144.00,141.90,143.43,"2,773,047"
06/16/2015,141.42,143.58,141.42,142.34,"2,450,557"
06/15/2015,142.04,142.59,141.28,142.29,"2,630,428"
06/12/2015,142.62,142.86,141.09,142.80,"2,395,238"
06/11/2015,142.01,143.98,141.75,142.96,"2,924,468"
06/10/2015,140.68,142.60,140.29,141.62,"2,784,196"
06/09/2015,140.50,140.99,139.90,140.10,"2,647,171"
06/08/2015,140.24,141.35,140.20,140.64,"2,756,645"
06/05/2015,141.04,141.37,140.05,140.73,"3,215,074"
06/04/2015,143.22,143.23,140.95,141.19,"3,239,507"
06/03/2015,143.78,145.06,142.89,143.81,"3,755,668"
06/02/2015,141.44,144.46,140.63,143.25,"4,986,500"
06/01/2015,141.45,142.05,140.27,141.25,"3,897,020"
05/29/2015,142.26,142.26,140.32,140.52,"6,199,095"
05/28/2015,142.51,145.29,141.58,142.33,"3,103,014"
05/27/2015,143.42,143.75,142.58,143.00,"2,836,746"
05/26/2015,144.34,144.43,142.16,142.80,"3,476,192"
05/25/2015,144.81,144.81,144.81,144.81,"0,000"
05/22/2015,147.26,147.27,144.80,144.81,"3,877,944"
05/21/2015,146.56,147.71,146.10,147.35,"2,676,437"
05/20/2015,147.14,147.34,146.10,146.42,"2,104,019"
05/19/2015,147.18,147.77,146.73,147.05,"2,366,375"
05/18/2015,146.88,147.24,146.30,146.71,"2,153,183"
05/15/2015,148.05,148.30,146.34,146.88,"3,368,855"
05/14/2015,146.88,148.25,146.65,147.96,"3,495,694"
05/13/2015,145.41,146.53,145.10,145.62,"2,679,689"
05/12/2015,144.94,146.08,144.01,145.43,"3,543,150"
05/11/2015,145.55,146.79,145.13,145.89,"3,969,023"
05/08/2015,143.00,145.94,142.98,145.46,"7,067,903"
05/07/2015,140.56,142.18,140.48,141.49,"4,868,622"
05/06/2015,143.01,143.15,140.43,141.04,"5,313,279"
05/05/2015,143.76,144.70,142.27,142.91,"3,669,996"
05/04/2015,143.85,144.79,143.18,144.02,"8,977,485"
05/01/2015,144.41,145.07,143.84,144.67,"3,555,957"
04/30/2015,145.25,145.94,142.75,143.34,"4,925,132"
04/29/2015,147.07,147.45,145.90,146.15,"4,761,676"
04/28/2015,147.90,148.37,146.01,147.51,"4,352,892"
04/27/2015,148.59,149.00,147.71,147.80,"4,603,461"
04/24/2015,149.54,149.86,148.02,148.40,"4,889,228"
04/23/2015,150.83,150.83,149.73,149.87,"4,079,936"
04/22/2015,152.36,153.00,148.85,151.19,"8,468,924"
04/21/2015,153.51,154.09,152.00,153.33,"3,768,954"
04/20/2015,151.06,153.55,151.01,152.67,"3,169,131"
04/17/2015,150.88,151.43,149.44,149.60,"4,671,491"
04/16/2015,151.66,152.53,151.05,151.97,"2,559,783"
04/15/2015,154.37,154.37,152.21,152.43,"3,687,202"
04/14/2015,152.93,153.54,151.59,153.21,"2,845,971"
04/13/2015,153.79,155.50,152.96,153.24,"3,033,822"
04/10/2015,153.55,154.96,153.25,154.38,"3,182,905"
04/09/2015,152.62,153.67,151.63,153.42,"3,966,515"
04/08/2015,152.19,153.50,152.19,153.36,"2,763,398"
04/07/2015,151.27,153.50,151.14,152.32,"4,299,482"
04/06/2015,148.15,151.45,148.00,150.93,"3,371,457"
04/03/2015,149.28,149.28,149.28,149.28,"0,000"
04/02/2015,149.14,150.50,148.31,149.28,"2,934,194"
04/01/2015,149.97,150.02,146.82,148.64,"4,167,531"
03/31/2015,152.23,152.25,149.94,150.08,"2,975,502"
03/30/2015,151.10,153.17,149.98,152.70,"3,737,257"
03/27/2015,148.59,149.31,147.49,148.85,"2,600,002"
03/26/2015,147.83,148.85,145.96,148.17,"3,626,966"
03/25/2015,151.40,152.04,148.13,148.23,"3,747,669"
03/24/2015,151.96,152.62,151.35,151.65,"3,319,174"
03/23/2015,154.98,154.98,152.81,152.81,"3,029,523"
03/20/2015,155.04,155.49,154.48,154.50,"4,463,981"
03/19/2015,154.91,155.33,153.66,154.11,"2,539,041"
03/18/2015,154.04,155.99,152.11,155.73,"4,053,609"
03/17/2015,152.88,155.00,152.73,154.51,"2,925,179"
03/16/2015,152.39,154.19,152.27,153.67,"2,742,676"
03/13/2015,151.89,152.39,149.79,151.57,"3,569,581"
03/12/2015,151.28,152.92,151.28,152.04,"2,964,675"
03/11/2015,152.51,152.69,151.17,151.17,"3,395,366"
03/10/2015,153.30,154.13,152.42,152.42,"3,839,411"
03/09/2015,153.30,155.61,153.15,154.75,"3,432,856"
03/06/2015,153.92,155.03,152.81,153.12,"3,556,216"
03/05/2015,154.86,155.98,154.31,154.47,"3,327,492"
03/04/2015,154.62,155.22,154.00,154.35,"4,476,188"
03/03/2015,154.71,156.91,154.17,155.57,"8,656,618"
03/02/2015,150.75,154.15,150.75,153.80,"4,622,793"
02/27/2015,151.00,151.89,150.45,150.85,"4,330,678"
02/26/2015,152.31,152.38,150.81,151.73,"5,149,342"
02/25/2015,154.31,154.74,152.14,153.01,"4,800,528"
02/24/2015,153.50,154.78,153.21,154.38,"4,391,701"
02/23/2015,155.00,155.92,153.36,154.74,"8,653,655"
02/20/2015,153.80,158.83,153.80,158.31,"9,365,978"
02/19/2015,151.05,154.24,151.00,153.75,"4,384,014"
02/18/2015,149.70,151.62,149.37,151.17,"3,722,117"
02/17/2015,148.72,149.96,148.52,149.92,"3,622,369"
02/16/2015,149.73,149.73,149.73,149.73,"0,000"
02/13/2015,147.98,149.84,147.64,149.73,"3,418,587"
02/12/2015,148.26,148.57,147.68,148.09,"2,998,941"
02/11/2015,147.51,148.38,147.09,147.92,"3,272,669"
02/10/2015,148.20,148.71,147.50,148.04,"4,034,851"
02/09/2015,146.16,148.16,145.63,147.58,"4,203,329"
02/06/2015,148.62,148.89,147.70,148.00,"4,398,762"
02/05/2015,147.26,148.87,146.46,148.60,"4,252,602"
02/04/2015,145.97,148.39,145.93,147.22,"4,766,204"
02/03/2015,146.37,148.00,146.18,147.34,"5,978,190"
02/02/2015,143.72,146.59,143.05,146.26,"6,790,894"
